cod_fabrica,cod_venta,descripcion,precio
2343,BI6500BL,Vestido 100% Lino Made In Italy,45000
2343,BI6500RS,Vestido 100% Lino Made In Italy,45000
2343,BI6500TJ,Vestido 100% Lino Made In Italy,45000
2343,BI6500BD,Vestido 100% Lino Made In Italy,45000
2343,BI6500BG,Vestido 100% Lino Made In Italy,45000
2343,BI6500FG,Vestido 100% Lino Made In Italy,45000
2343,BI6500MG,Vestido 100% Lino Made In Italy,45000
2343,BI6500CL,Vestido 100% Lino Made In Italy,45000
2343,BI6500ZM,Vestido 100% Lino Made In Italy,45000
2343,BI6500NG,Vestido 100% Lino Made In Italy,45000
89040,BI6501BL,Camisa 100% Lino Made In Italy,40000
89040,BI6501RS,Camisa 100% Lino Made In Italy,40000
89040,BI6501TJ,Camisa 100% Lino Made In Italy,40000
89040,BI6501BD,Camisa 100% Lino Made In Italy,40000
89040,BI6501BG,Camisa 100% Lino Made In Italy,40000
89040,BI6501FG,Camisa 100% Lino Made In Italy,40000
89040,BI6501MG,Camisa 100% Lino Made In Italy,40000
89040,BI6501CL,Camisa 100% Lino Made In Italy,40000
89040,BI6501ZM,Camisa 100% Lino Made In Italy,40000
89040,BI6501NG,Camisa 100% Lino Made In Italy,40000
9103,BI6502BG,Jersey 50% Cotone 50% Acrilico Made In Italy,32000
9103,BI6502CC,Jersey 50% Cotone 50% Acrilico Made In Italy,32000
9103,BI6502FG,Jersey 50% Cotone 50% Acrilico Made In Italy,32000
9103,BI6502MG,Jersey 50% Cotone 50% Acrilico Made In Italy,32000
9103,BI6502ZM,Jersey 50% Cotone 50% Acrilico Made In Italy,32000
9125,BI6503,Jersey 50% Cotone 50% Acrilico Made In Italy,30000
9125,BI6503BG,Jersey 50% Cotone 50% Acrilico Made In Italy,30000
9125,BI6503CC,Jersey 50% Cotone 50% Acrilico Made In Italy,30000
9125,BI6503FG,Jersey 50% Cotone 50% Acrilico Made In Italy,30000
9125,BI6503MG,Jersey 50% Cotone 50% Acrilico Made In Italy,30000
9125,BI6503ZM,Jersey 50% Cotone 50% Acrilico Made In Italy,30000
41810,BI6504BL,Camisa 100% Lino Made In Italy,42000
41810,BI6504RS,Camisa 100% Lino Made In Italy,42000
41810,BI6504TJ,Camisa 100% Lino Made In Italy,42000
41810,BI6504BD,Camisa 100% Lino Made In Italy,42000
41810,BI6504BG,Camisa 100% Lino Made In Italy,42000
41810,BI6504FG,Camisa 100% Lino Made In Italy,42000
41810,BI6504MG,Camisa 100% Lino Made In Italy,42000
41810,BI6504CL,Camisa 100% Lino Made In Italy,42000
41810,BI6504ZM,Camisa 100% Lino Made In Italy,42000
41810,BI6504NG,Camisa 100% Lino Made In Italy,42000
21897,BI6505BL,Short 100% Lino Made In Italy,32000
21897,BI6505RS,Short 100% Lino Made In Italy,32000
21897,BI6505TJ,Short 100% Lino Made In Italy,32000
21897,BI6505BD,Short 100% Lino Made In Italy,32000
21897,BI6505BG,Short 100% Lino Made In Italy,32000
21897,BI6505FG,Short 100% Lino Made In Italy,32000
21897,BI6505MG,Short 100% Lino Made In Italy,32000
21897,BI6505CL,Short 100% Lino Made In Italy,32000
21897,BI6505ZM,Short 100% Lino Made In Italy,32000
21897,BI6505NG,Short 100% Lino Made In Italy,32000
41800,BI6506BL,Pantalon 100% Lino Made In Italy,44000
41800,BI6506RS,Pantalon 100% Lino Made In Italy,44000
41800,BI6506TJ,Pantalon 100% Lino Made In Italy,44000
41800,BI6506BD,Pantalon 100% Lino Made In Italy,44000
41800,BI6506BG,Pantalon 100% Lino Made In Italy,44000
41800,BI6506FG,Pantalon 100% Lino Made In Italy,44000
41800,BI6506MG,Pantalon 100% Lino Made In Italy,44000
41800,BI6506CL,Pantalon 100% Lino Made In Italy,44000
41800,BI6506ZM,Pantalon 100% Lino Made In Italy,44000
41800,BI6506NG,Pantalon 100% Lino Made In Italy,44000
25020,BI6507BL,Pantalon 100% Lino Made In Italy,44000
25020,BI6507RS,Pantalon 100% Lino Made In Italy,44000
25020,BI6507TJ,Pantalon 100% Lino Made In Italy,44000
25020,BI6507BD,Pantalon 100% Lino Made In Italy,44000
25020,BI6507BG,Pantalon 100% Lino Made In Italy,44000
25020,BI6507FG,Pantalon 100% Lino Made In Italy,44000
25020,BI6507MG,Pantalon 100% Lino Made In Italy,44000
25020,BI6507CL,Pantalon 100% Lino Made In Italy,44000
25020,BI6507ZM,Pantalon 100% Lino Made In Italy,44000
25020,BI6507NG,Pantalon 100% Lino Made In Italy,44000
21320,BI6508BL,Pantalon 100% Lino Made In Italy,42000
21320,BI6508RS,Pantalon 100% Lino Made In Italy,42000
21320,BI6508TJ,Pantalon 100% Lino Made In Italy,42000
21320,BI6508BD,Pantalon 100% Lino Made In Italy,42000
21320,BI6508BG,Pantalon 100% Lino Made In Italy,42000
21320,BI6508FG,Pantalon 100% Lino Made In Italy,42000
21320,BI6508MG,Pantalon 100% Lino Made In Italy,42000
21320,BI6508CL,Pantalon 100% Lino Made In Italy,42000
21320,BI6508ZM,Pantalon 100% Lino Made In Italy,42000
31320,BI6508NG,Pantalon 100% Lino Made In Italy,42000
37800,BI6509BL,Pantalon 100% Lino Made In Italy,44000
37800,BI6509RS,Pantalon 100% Lino Made In Italy,44000
37800,BI6509TJ,Pantalon 100% Lino Made In Italy,44000
37800,BI6509BD,Pantalon 100% Lino Made In Italy,44000
37800,BI6509BG,Pantalon 100% Lino Made In Italy,44000
37800,BI6509FG,Pantalon 100% Lino Made In Italy,44000
37800,BI6509MG,Pantalon 100% Lino Made In Italy,44000
37800,BI6509CL,Pantalon 100% Lino Made In Italy,44000
37800,BI6509ZM,Pantalon 100% Lino Made In Italy,44000
37800,BI6509NG,Pantalon 100% Lino Made In Italy,44000
25640,BI6510BL,Pantalon 100% Lino Made In Italy,44000
25640,BI6510RS,Pantalon 100% Lino Made In Italy,44000
25640,BI6510TJ,Pantalon 100% Lino Made In Italy,44000
25640,BI6510BD,Pantalon 100% Lino Made In Italy,44000
25640,BI6510BG,Pantalon 100% Lino Made In Italy,44000
25640,BI6510FG,Pantalon 100% Lino Made In Italy,44000
25640,BI6510MG,Pantalon 100% Lino Made In Italy,44000
25640,BI6510CL,Pantalon 100% Lino Made In Italy,44000
25640,BI6510ZM,Pantalon 100% Lino Made In Italy,44000
25640,BI6510NG,Pantalon 100% Lino Made In Italy,44000
82161,BI6511BL,Enterito 100% Lino Made In Italy,52000
82161,BI6511RS,Enterito 100% Lino Made In Italy,52000
82161,BI6511TJ,Enterito 100% Lino Made In Italy,52000
82161,BI6511BD,Enterito 100% Lino Made In Italy,52000
82161,BI6511BG,Enterito 100% Lino Made In Italy,52000
82161,BI6511FG,Enterito 100% Lino Made In Italy,52000
82161,BI6511MG,Enterito 100% Lino Made In Italy,52000
82161,BI6511CL,Enterito 100% Lino Made In Italy,52000
82161,BI6511ZM,Enterito 100% Lino Made In Italy,52000
82161,BI6511NG,Enterito 100% Lino Made In Italy,52000
8510,BI6512BL,Pantalon Lino Pata Ancha 100%Lino Made In Italy,42000
8510,BI6512RS,Pantalon Lino Pata Ancha 100%Lino Made In Italy,42000
8510,BI6512TJ,Pantalon Lino Pata Ancha 100%Lino Made In Italy,42000
8510,BI6512BD,Pantalon Lino Pata Ancha 100%Lino Made In Italy,42000
8510,BI6512BG,Pantalon Lino Pata Ancha 100%Lino Made In Italy,42000
8510,BI6512FG,Pantalon Lino Pata Ancha 100%Lino Made In Italy,42000
8510,BI6512MG,Pantalon Lino Pata Ancha 100%Lino Made In Italy,42000
8510,BI6512CL,Pantalon Lino Pata Ancha 100%Lino Made In Italy,42000
8510,BI6512ZM,Pantalon Lino Pata Ancha 100%Lino Made In Italy,42000
8510,BI6512NG,Pantalon Lino Pata Ancha 100%Lino Made In Italy,42000
8511,BI6513BL,Pantalon 100% Lino Made In Italy,42000
8511,BI6513RS,Pantalon 100% Lino Made In Italy,42000
8511,BI6513TJ,Pantalon 100% Lino Made In Italy,42000
8511,BI6513BD,Pantalon 100% Lino Made In Italy,42000
8511,BI6513BG,Pantalon 100% Lino Made In Italy,42000
8511,BI6513FG,Pantalon 100% Lino Made In Italy,42000
8511,BI6513MG,Pantalon 100% Lino Made In Italy,42000
8511,BI6513CL,Pantalon 100% Lino Made In Italy,42000
8511,BI6513ZM,Pantalon 100% Lino Made In Italy,42000
8511,BI6513NG,Pantalon 100% Lino Made In Italy,42000
8512,BI6514BL,Chaqueta 100% Lino Made In Italy,45000
8512,BI6514RS,Chaqueta 100% Lino Made In Italy,45000
8512,BI6514TJ,Chaqueta 100% Lino Made In Italy,45000
8512,BI6514BD,Chaqueta 100% Lino Made In Italy,45000
8512,BI6514BG,Chaqueta 100% Lino Made In Italy,45000
8512,BI6514FG,Chaqueta 100% Lino Made In Italy,45000
8512,BI6514MG,Chaqueta 100% Lino Made In Italy,45000
8512,BI6514CL,Chaqueta 100% Lino Made In Italy,45000
8512,BI6514ZM,Chaqueta 100% Lino Made In Italy,45000
8512,BI6514NG,Chaqueta 100% Lino Made In Italy,45000
8440,BI6515BL,Camisa Lino Sin Bolsillo 100% Lino Made In Italy,41000
8440,BI6515RS,Camisa Lino Sin Bolsillo 100% Lino Made In Italy,41000
8440,BI6515TJ,Camisa Lino Sin Bolsillo 100% Lino Made In Italy,41000
8440,BI6515BD,Camisa Lino Sin Bolsillo 100% Lino Made In Italy,41000
8440,BI6515BG,Camisa Lino Sin Bolsillo 100% Lino Made In Italy,41000
8440,BI6515FG,Camisa Lino Sin Bolsillo 100% Lino Made In Italy,41000
8440,BI6515MG,Camisa Lino Sin Bolsillo 100% Lino Made In Italy,41000
8440,BI6515CL,Camisa Lino Sin Bolsillo 100% Lino Made In Italy,41000
8440,BI6515ZM,Camisa Lino Sin Bolsillo 100% Lino Made In Italy,41000
8440,BI6515NG,Camisa Lino Sin Bolsillo 100% Lino Made In Italy,41000
845312,BI6516BL,Short 100% Lino Made In Italy,35000
845312,BI6516RS,Short 100% Lino Made In Italy,35000
845312,BI6516TJ,Short 100% Lino Made In Italy,35000
845312,BI6516BD,Short 100% Lino Made In Italy,35000
845312,BI6516BG,Short 100% Lino Made In Italy,35000
845312,BI6516FG,Short 100% Lino Made In Italy,35000
845312,BI6516MG,Short 100% Lino Made In Italy,35000
845312,BI6516CL,Short 100% Lino Made In Italy,35000
845312,BI6516ZM,Short 100% Lino Made In Italy,35000
845312,BI6516NG,Short 100% Lino Made In Italy,35000
3383,BI6517BL,Vestido 100% Lino Made In Italy,46000
3383,BI6517RS,Vestido 100% Lino Made In Italy,46000
3383,BI6517TJ,Vestido 100% Lino Made In Italy,46000
3383,BI6517BD,Vestido 100% Lino Made In Italy,46000
3383,BI6517BG,Vestido 100% Lino Made In Italy,46000
3383,BI6517FG,Vestido 100% Lino Made In Italy,46000
3383,BI6517MG,Vestido 100% Lino Made In Italy,46000
3383,BI6517CL,Vestido 100% Lino Made In Italy,46000
3383,BI6517ZM,Vestido 100% Lino Made In Italy,46000
3383,BI6517NG,Vestido 100% Lino Made In Italy,46000
99407,BI6518BL,Vestido 100% Lino Made In Italy,55000
99407,BI6518RS,Vestido 100% Lino Made In Italy,55000
99407,BI6518TJ,Vestido 100% Lino Made In Italy,55000
99407,BI6518BD,Vestido 100% Lino Made In Italy,55000
99407,BI6518BG,Vestido 100% Lino Made In Italy,55000
99407,BI6518FG,Vestido 100% Lino Made In Italy,55000
99407,BI6518MG,Vestido 100% Lino Made In Italy,55000
99407,BI6518CL,Vestido 100% Lino Made In Italy,55000
99407,BI6518ZM,Vestido 100% Lino Made In Italy,55000
99407,BI6518NG,Vestido 100% Lino Made In Italy,55000
994079,BI6519BL,Camisa 100% Lino Made In Italy,45000
994079,BI6519RS,Camisa 100% Lino Made In Italy,45000
994079,BI6519TJ,Camisa 100% Lino Made In Italy,45000
994079,BI6519BD,Camisa 100% Lino Made In Italy,45000
994079,BI6519BG,Camisa 100% Lino Made In Italy,45000
994079,BI6519FG,Camisa 100% Lino Made In Italy,45000
994079,BI6519MG,Camisa 100% Lino Made In Italy,45000
994079,BI6519CL,Camisa 100% Lino Made In Italy,45000
994079,BI6519ZM,Camisa 100% Lino Made In Italy,45000
994079,BI6519NG,Camisa 100% Lino Made In Italy,45000
4948,BI6520BL,Camiseta 100% Cotone Made In Italy,28000
4948,BI6520RS,Camiseta 100% Cotone Made In Italy,28000
4948,BI6520TJ,Camiseta 100% Cotone Made In Italy,28000
4948,BI6520BD,Camiseta 100% Cotone Made In Italy,28000
4948,BI6520BG,Camiseta 100% Cotone Made In Italy,28000
4948,BI6520FG,Camiseta 100% Cotone Made In Italy,28000
4948,BI6520MG,Camiseta 100% Cotone Made In Italy,28000
4948,BI6520CL,Camiseta 100% Cotone Made In Italy,28000
4948,BI6520ZM,Camiseta 100% Cotone Made In Italy,28000
4948,BI6520NG,Camiseta 100% Cotone Made In Italy,28000
9430,BI6521BL,Pantalon 100% Lino Made In Italy,42000
9430,BI6521RS,Pantalon 100% Lino Made In Italy,42000
9430,BI6521TJ,Pantalon 100% Lino Made In Italy,42000
9430,BI6521BD,Pantalon 100% Lino Made In Italy,42000
9430,BI6521BG,Pantalon 100% Lino Made In Italy,42000
9430,BI6521FG,Pantalon 100% Lino Made In Italy,42000
9430,BI6521MG,Pantalon 100% Lino Made In Italy,42000
9430,BI6521CL,Pantalon 100% Lino Made In Italy,42000
9430,BI6521ZM,Pantalon 100% Lino Made In Italy,42000
9430,BI6521NG,Pantalon 100% Lino Made In Italy,42000
41870,BI6522BL,Camiseta 50%Lino 50%Cotone Made In Italy,30000
41870,BI6522RS,Camiseta 50%Lino 50%Cotone Made In Italy,30000
41870,BI6522TJ,Camiseta 50%Lino 50%Cotone Made In Italy,30000
41870,BI6522BD,Camiseta 50%Lino 50%Cotone Made In Italy,30000
41870,BI6522BG,Camiseta 50%Lino 50%Cotone Made In Italy,30000
41870,BI6522FG,Camiseta 50%Lino 50%Cotone Made In Italy,30000
41870,BI6522MG,Camiseta 50%Lino 50%Cotone Made In Italy,30000
41870,BI6522CL,Camiseta 50%Lino 50%Cotone Made In Italy,30000
41870,BI6522ZM,Camiseta 50%Lino 50%Cotone Made In Italy,30000
41870,BI6522NG,Camiseta 50%Lino 50%Cotone Made In Italy,30000
5030,BI6523BL,Camiseta 100% Lino Made In Italy,32000
5030,BI6523RS,Camiseta 100% Lino Made In Italy,32000
5030,BI6523TJ,Camiseta 100% Lino Made In Italy,32000
5030,BI6523BD,Camiseta 100% Lino Made In Italy,32000
5030,BI6523BG,Camiseta 100% Lino Made In Italy,32000
5030,BI6523FG,Camiseta 100% Lino Made In Italy,32000
5030,BI6523MG,Camiseta 100% Lino Made In Italy,32000
5030,BI6523CL,Camiseta 100% Lino Made In Italy,32000
5030,BI6523ZM,Camiseta 100% Lino Made In Italy,32000
5030,BI6523NG,Camiseta 100% Lino Made In Italy,32000
25755,BI6524BL,Vestido 100% Lino Made In Italy,52000
25755,BI6524RS,Vestido 100% Lino Made In Italy,52000
25755,BI6524TJ,Vestido 100% Lino Made In Italy,52000
25755,BI6524BD,Vestido 100% Lino Made In Italy,52000
25755,BI6524BG,Vestido 100% Lino Made In Italy,52000
25755,BI6524FG,Vestido 100% Lino Made In Italy,52000
25755,BI6524MG,Vestido 100% Lino Made In Italy,52000
25755,BI6524CL,Vestido 100% Lino Made In Italy,52000
25755,BI6524ZM,Vestido 100% Lino Made In Italy,52000
25755,BI6524NG,Vestido 100% Lino Made In Italy,52000
8446,BI6525BL,Camiseta Sin Manga 100% Lino Made In Italy,30000
8446,BI6525RS,Camiseta Sin Manga 100% Lino Made In Italy,30000
8446,BI6525TJ,Camiseta Sin Manga 100% Lino Made In Italy,30000
8446,BI6525BD,Camiseta Sin Manga 100% Lino Made In Italy,30000
8446,BI6525BG,Camiseta Sin Manga 100% Lino Made In Italy,30000
8446,BI6525FG,Camiseta Sin Manga 100% Lino Made In Italy,30000
8446,BI6525MG,Camiseta Sin Manga 100% Lino Made In Italy,30000
8446,BI6525CL,Camiseta Sin Manga 100% Lino Made In Italy,30000
8446,BI6525ZM,Camiseta Sin Manga 100% Lino Made In Italy,30000
8446,BI6525NG,Camiseta Sin Manga 100% Lino Made In Italy,30000
99330,BI6526BL,Pantalon 100%Lino Made In Italy,42000
99330,BI6526RS,Pantalon 100%Lino Made In Italy,42000
99330,BI6526TJ,Pantalon 100%Lino Made In Italy,42000
99330,BI6526BD,Pantalon 100%Lino Made In Italy,42000
99330,BI6526BG,Pantalon 100%Lino Made In Italy,42000
99330,BI6526FG,Pantalon 100%Lino Made In Italy,42000
99330,BI6526MG,Pantalon 100%Lino Made In Italy,42000
99330,BI6526CL,Pantalon 100%Lino Made In Italy,42000
99330,BI6526ZM,Pantalon 100%Lino Made In Italy,42000
99330,BI6526NG,Pantalon 100%Lino Made In Italy,42000
85120,BI6527BL,Vestido Bolsillo Tres Botones Manga Corta 100% Lino Made In Italy,43000
85120,BI6527RS,Vestido Bolsillo Tres Botones Manga Corta 100% Lino Made In Italy,43000
85120,BI6527TJ,Vestido Bolsillo Tres Botones Manga Corta 100% Lino Made In Italy,43000
85120,BI6527BD,Vestido Bolsillo Tres Botones Manga Corta 100% Lino Made In Italy,43000
85120,BI6527BG,Vestido Bolsillo Tres Botones Manga Corta 100% Lino Made In Italy,43000
85120,BI6527FG,Vestido Bolsillo Tres Botones Manga Corta 100% Lino Made In Italy,43000
85120,BI6527MG,Vestido Bolsillo Tres Botones Manga Corta 100% Lino Made In Italy,43000
85120,BI6527CL,Vestido Bolsillo Tres Botones Manga Corta 100% Lino Made In Italy,43000
85120,BI6527ZM,Vestido Bolsillo Tres Botones Manga Corta 100% Lino Made In Italy,43000
85120,BI6527NG,Vestido Bolsillo Tres Botones Manga Corta 100% Lino Made In Italy,43000
3337,BI6528BL,Mini Falda Con Vuelos Y Amarra De 100% Lino Made In Italy,32000
3337,BI6528RS,Mini Falda Con Vuelos Y Amarra De 100% Lino Made In Italy,32000
3337,BI6528TJ,Mini Falda Con Vuelos Y Amarra De 100% Lino Made In Italy,32000
3337,BI6528BD,Mini Falda Con Vuelos Y Amarra De 100% Lino Made In Italy,32000
3337,BI6528BG,Mini Falda Con Vuelos Y Amarra De 100% Lino Made In Italy,32000
3337,BI6528FG,Mini Falda Con Vuelos Y Amarra De 100% Lino Made In Italy,32000
3337,BI6528MG,Mini Falda Con Vuelos Y Amarra De 100% Lino Made In Italy,32000
3337,BI6528CL,Mini Falda Con Vuelos Y Amarra De 100% Lino Made In Italy,32000
3337,BI6528ZM,Mini Falda Con Vuelos Y Amarra De 100% Lino Made In Italy,32000
3337,BI6528NG,Mini Falda Con Vuelos Y Amarra De 100% Lino Made In Italy,32000
3977,BI6529BL,Vestido Cuello Solapa Tabla Medio 100% Lino Made In Italy,45000
3977,BI6529RS,Vestido Cuello Solapa Tabla Medio 100% Lino Made In Italy,45000
3977,BI6529TJ,Vestido Cuello Solapa Tabla Medio 100% Lino Made In Italy,45000
3977,BI6529BD,Vestido Cuello Solapa Tabla Medio 100% Lino Made In Italy,45000
3977,BI6529BG,Vestido Cuello Solapa Tabla Medio 100% Lino Made In Italy,45000
3977,BI6529FG,Vestido Cuello Solapa Tabla Medio 100% Lino Made In Italy,45000
3977,BI6529MG,Vestido Cuello Solapa Tabla Medio 100% Lino Made In Italy,45000
3977,BI6529CL,Vestido Cuello Solapa Tabla Medio 100% Lino Made In Italy,45000
3977,BI6529ZM,Vestido Cuello Solapa Tabla Medio 100% Lino Made In Italy,45000
3977,BI6529NG,Vestido Cuello Solapa Tabla Medio 100% Lino Made In Italy,45000
8015,BI6530BL,Falda Lisa Recta 100% Lino Made In Italy,42000
8015,BI6530RS,Falda Lisa Recta 100% Lino Made In Italy,42000
8015,BI6530TJ,Falda Lisa Recta 100% Lino Made In Italy,42000
8015,BI6530BD,Falda Lisa Recta 100% Lino Made In Italy,42000
8015,BI6530BG,Falda Lisa Recta 100% Lino Made In Italy,42000
8015,BI6530FG,Falda Lisa Recta 100% Lino Made In Italy,42000
8015,BI6530MG,Falda Lisa Recta 100% Lino Made In Italy,42000
8015,BI6530CL,Falda Lisa Recta 100% Lino Made In Italy,42000
8015,BI6530ZM,Falda Lisa Recta 100% Lino Made In Italy,42000
8015,BI6530NG,Falda Lisa Recta 100% Lino Made In Italy,42000
5020,BI6531BL,Polera Tirantes Vuelo Cuello Hombros 100% Cotone Made In Italy,26000
5020,BI6531RS,Polera Tirantes Vuelo Cuello Hombros 100% Cotone Made In Italy,26000
5020,BI6531TJ,Polera Tirantes Vuelo Cuello Hombros 100% Cotone Made In Italy,26000
5020,BI6531BD,Polera Tirantes Vuelo Cuello Hombros 100% Cotone Made In Italy,26000
5020,BI6531BG,Polera Tirantes Vuelo Cuello Hombros 100% Cotone Made In Italy,26000
5020,BI6531FG,Polera Tirantes Vuelo Cuello Hombros 100% Cotone Made In Italy,26000
5020,BI6531MG,Polera Tirantes Vuelo Cuello Hombros 100% Cotone Made In Italy,26000
5020,BI6531CL,Polera Tirantes Vuelo Cuello Hombros 100% Cotone Made In Italy,26000
5020,BI6531ZM,Polera Tirantes Vuelo Cuello Hombros 100% Cotone Made In Italy,26000
5020,BI6531NG,Polera Tirantes Vuelo Cuello Hombros 100% Cotone Made In Italy,26000
0202,BI6532BL,Vestido Escote V Con Vuelo Manga Sin Mangas 100% Lino Made In Italy,42000
0202,BI6532RS,Vestido Escote V Con Vuelo Manga Sin Mangas 100% Lino Made In Italy,42000
0202,BI6532TJ,Vestido Escote V Con Vuelo Manga Sin Mangas 100% Lino Made In Italy,42000
0202,BI6532BD,Vestido Escote V Con Vuelo Manga Sin Mangas 100% Lino Made In Italy,42000
0202,BI6532BG,Vestido Escote V Con Vuelo Manga Sin Mangas 100% Lino Made In Italy,42000
0202,BI6532FG,Vestido Escote V Con Vuelo Manga Sin Mangas 100% Lino Made In Italy,42000
0202,BI6532MG,Vestido Escote V Con Vuelo Manga Sin Mangas 100% Lino Made In Italy,42000
0202,BI6532CL,Vestido Escote V Con Vuelo Manga Sin Mangas 100% Lino Made In Italy,42000
0202,BI6532ZM,Vestido Escote V Con Vuelo Manga Sin Mangas 100% Lino Made In Italy,42000
0202,BI6532NG,Vestido Escote V Con Vuelo Manga Sin Mangas 100% Lino Made In Italy,42000
11180,BI6533BL,Falda Larga Elasticada Cintura Piso 100% Lino Made In Italy,44000
11180,BI6533RS,Falda Larga Elasticada Cintura Piso 100% Lino Made In Italy,44000
11180,BI6533TJ,Falda Larga Elasticada Cintura Piso 100% Lino Made In Italy,44000
11180,BI6533BD,Falda Larga Elasticada Cintura Piso 100% Lino Made In Italy,44000
11180,BI6533BG,Falda Larga Elasticada Cintura Piso 100% Lino Made In Italy,44000
11180,BI6533FG,Falda Larga Elasticada Cintura Piso 100% Lino Made In Italy,44000
11180,BI6533MG,Falda Larga Elasticada Cintura Piso 100% Lino Made In Italy,44000
11180,BI6533CL,Falda Larga Elasticada Cintura Piso 100% Lino Made In Italy,44000
11180,BI6533ZM,Falda Larga Elasticada Cintura Piso 100% Lino Made In Italy,44000
11180,BI6533NG,Falda Larga Elasticada Cintura Piso 100% Lino Made In Italy,44000
10028,BI6534BL,Vestido Cuello Ancho Redondo Sin Mangas 100% Lino Made In Italy,50000
10028,BI6534RS,Vestido Cuello Ancho Redondo Sin Mangas 100% Lino Made In Italy,50000
10028,BI6534TJ,Vestido Cuello Ancho Redondo Sin Mangas 100% Lino Made In Italy,50000
10028,BI6534BD,Vestido Cuello Ancho Redondo Sin Mangas 100% Lino Made In Italy,50000
10028,BI6534BG,Vestido Cuello Ancho Redondo Sin Mangas 100% Lino Made In Italy,50000
10028,BI6534FG,Vestido Cuello Ancho Redondo Sin Mangas 100% Lino Made In Italy,50000
10028,BI6534MG,Vestido Cuello Ancho Redondo Sin Mangas 100% Lino Made In Italy,50000
10028,BI6534CL,Vestido Cuello Ancho Redondo Sin Mangas 100% Lino Made In Italy,50000
10028,BI6534ZM,Vestido Cuello Ancho Redondo Sin Mangas 100% Lino Made In Italy,50000
10028,BI6534NG,Vestido Cuello Ancho Redondo Sin Mangas 100% Lino Made In Italy,50000
106773,BI6535BL,Falda Piernas Anchas Sin Pretina 100% Lino Made In Italy0,42000
106773,BI6535RS,Falda Piernas Anchas Sin Pretina 100% Lino Made In Italy0,42000
106773,BI6535TJ,Falda Piernas Anchas Sin Pretina 100% Lino Made In Italy0,42000
106773,BI6535BD,Falda Piernas Anchas Sin Pretina 100% Lino Made In Italy0,42000
106773,BI6535BG,Falda Piernas Anchas Sin Pretina 100% Lino Made In Italy0,42000
106773,BI6535FG,Falda Piernas Anchas Sin Pretina 100% Lino Made In Italy0,42000
106773,BI6535MG,Falda Piernas Anchas Sin Pretina 100% Lino Made In Italy0,42000
106773,BI6535CL,Falda Piernas Anchas Sin Pretina 100% Lino Made In Italy0,42000
106773,BI6535ZM,Falda Piernas Anchas Sin Pretina 100% Lino Made In Italy0,42000
106773,BI6535NG,Falda Piernas Anchas Sin Pretina 100% Lino Made In Italy0,42000
9921,BI6536BL,Blusa Escote V Manga Corta Con Vuelo 100% Lino Made In Italy,30000
9921,BI6536RS,Blusa Escote V Manga Corta Con Vuelo 100% Lino Made In Italy,30000
9921,BI6536TJ,Blusa Escote V Manga Corta Con Vuelo 100% Lino Made In Italy,30000
9921,BI6536BD,Blusa Escote V Manga Corta Con Vuelo 100% Lino Made In Italy,30000
9921,BI6536BG,Blusa Escote V Manga Corta Con Vuelo 100% Lino Made In Italy,30000
9921,BI6536FG,Blusa Escote V Manga Corta Con Vuelo 100% Lino Made In Italy,30000
9921,BI6536MG,Blusa Escote V Manga Corta Con Vuelo 100% Lino Made In Italy,30000
9921,BI6536CL,Blusa Escote V Manga Corta Con Vuelo 100% Lino Made In Italy,30000
9921,BI6536ZM,Blusa Escote V Manga Corta Con Vuelo 100% Lino Made In Italy,30000
9921,BI6536NG,Blusa Escote V Manga Corta Con Vuelo 100% Lino Made In Italy,30000
10955,BI6537BL,Minifalda Vuelo Elásticada En Cintura 100% Lino Made In Italy,32000
10955,BI6537RS,Minifalda Vuelo Elásticada En Cintura 100% Lino Made In Italy,32000
10955,BI6537TJ,Minifalda Vuelo Elásticada En Cintura 100% Lino Made In Italy,32000
10955,BI6537BD,Minifalda Vuelo Elásticada En Cintura 100% Lino Made In Italy,32000
10955,BI6537BG,Minifalda Vuelo Elásticada En Cintura 100% Lino Made In Italy,32000
10955,BI6537FG,Minifalda Vuelo Elásticada En Cintura 100% Lino Made In Italy,32000
10955,BI6537MG,Minifalda Vuelo Elásticada En Cintura 100% Lino Made In Italy,32000
10955,BI6537CL,Minifalda Vuelo Elásticada En Cintura 100% Lino Made In Italy,32000
10955,BI6537ZM,Minifalda Vuelo Elásticada En Cintura 100% Lino Made In Italy,32000
10955,BI6537NG,Minifalda Vuelo Elásticada En Cintura 100% Lino Made In Italy,32000
10047,BI6538BL,Blusa Sin Mangas Escote V Con Vuelos 100% Lino Made In Italy,30000
10047,BI6538RS,Blusa Sin Mangas Escote V Con Vuelos 100% Lino Made In Italy,30000
10047,BI6538TJ,Blusa Sin Mangas Escote V Con Vuelos 100% Lino Made In Italy,30000
10047,BI6538BD,Blusa Sin Mangas Escote V Con Vuelos 100% Lino Made In Italy,30000
10047,BI6538BG,Blusa Sin Mangas Escote V Con Vuelos 100% Lino Made In Italy,30000
10047,BI6538FG,Blusa Sin Mangas Escote V Con Vuelos 100% Lino Made In Italy,30000
10047,BI6538MG,Blusa Sin Mangas Escote V Con Vuelos 100% Lino Made In Italy,30000
10047,BI6538CL,Blusa Sin Mangas Escote V Con Vuelos 100% Lino Made In Italy,30000
10047,BI6538ZM,Blusa Sin Mangas Escote V Con Vuelos 100% Lino Made In Italy,30000
10047,BI6538NG,Blusa Sin Mangas Escote V Con Vuelos 100% Lino Made In Italy,30000
818,BI6539BL,Pantalon Recto Amarra Cintura 100% Lino Made In Italy,42000
818,BI6539RS,Pantalon Recto Amarra Cintura 100% Lino Made In Italy,42000
818,BI6539TJ,Pantalon Recto Amarra Cintura 100% Lino Made In Italy,42000
818,BI6539BD,Pantalon Recto Amarra Cintura 100% Lino Made In Italy,42000
818,BI6539BG,Pantalon Recto Amarra Cintura 100% Lino Made In Italy,42000
818,BI6539FG,Pantalon Recto Amarra Cintura 100% Lino Made In Italy,42000
818,BI6539MG,Pantalon Recto Amarra Cintura 100% Lino Made In Italy,42000
818,BI6539CL,Pantalon Recto Amarra Cintura 100% Lino Made In Italy,42000
818,BI6539ZM,Pantalon Recto Amarra Cintura 100% Lino Made In Italy,42000
818,BI6539NG,Pantalon Recto Amarra Cintura 100% Lino Made In Italy,42000
12330,BI6540BL,Falda Ancha Pretina Bolsillos Laterales100% Lino Made In Italy,36000
12330,BI6540RS,Falda Ancha Pretina Bolsillos Laterales100% Lino Made In Italy,36000
12330,BI6540TJ,Falda Ancha Pretina Bolsillos Laterales100% Lino Made In Italy,36000
12330,BI6540BD,Falda Ancha Pretina Bolsillos Laterales100% Lino Made In Italy,36000
12330,BI6540BG,Falda Ancha Pretina Bolsillos Laterales100% Lino Made In Italy,36000
12330,BI6540FG,Falda Ancha Pretina Bolsillos Laterales100% Lino Made In Italy,36000
12330,BI6540MG,Falda Ancha Pretina Bolsillos Laterales100% Lino Made In Italy,36000
12330,BI6540CL,Falda Ancha Pretina Bolsillos Laterales100% Lino Made In Italy,36000
12330,BI6540ZM,Falda Ancha Pretina Bolsillos Laterales100% Lino Made In Italy,36000
12330,BI6540NG,Falda Ancha Pretina Bolsillos Laterales100% Lino Made In Italy,36000
10893,BI6541BL,Blusa Camisera Sin Mangas Vuelo En Mangas 100% Lino Made In Italy,34000
10893,BI6541RS,Blusa Camisera Sin Mangas Vuelo En Mangas 100% Lino Made In Italy,34000
10893,BI6541TJ,Blusa Camisera Sin Mangas Vuelo En Mangas 100% Lino Made In Italy,34000
10893,BI6541BD,Blusa Camisera Sin Mangas Vuelo En Mangas 100% Lino Made In Italy,34000
10893,BI6541BG,Blusa Camisera Sin Mangas Vuelo En Mangas 100% Lino Made In Italy,34000
10893,BI6541FG,Blusa Camisera Sin Mangas Vuelo En Mangas 100% Lino Made In Italy,34000
10893,BI6541MG,Blusa Camisera Sin Mangas Vuelo En Mangas 100% Lino Made In Italy,34000
10893,BI6541CL,Blusa Camisera Sin Mangas Vuelo En Mangas 100% Lino Made In Italy,34000
10893,BI6541ZM,Blusa Camisera Sin Mangas Vuelo En Mangas 100% Lino Made In Italy,34000
10893,BI6541NG,Blusa Camisera Sin Mangas Vuelo En Mangas 100% Lino Made In Italy,34000
12468,BI6542BL,Blusa Cuello Bobo Amarra Delantera Vuelo En Mangas 100% Lino Made In Italy,32000
12468,BI6542RS,Blusa Cuello Bobo Amarra Delantera Vuelo En Mangas 100% Lino Made In Italy,32000
12468,BI6542TJ,Blusa Cuello Bobo Amarra Delantera Vuelo En Mangas 100% Lino Made In Italy,32000
12468,BI6542BD,Blusa Cuello Bobo Amarra Delantera Vuelo En Mangas 100% Lino Made In Italy,32000
12468,BI6542BG,Blusa Cuello Bobo Amarra Delantera Vuelo En Mangas 100% Lino Made In Italy,32000
12468,BI6542FG,Blusa Cuello Bobo Amarra Delantera Vuelo En Mangas 100% Lino Made In Italy,32000
12468,BI6542MG,Blusa Cuello Bobo Amarra Delantera Vuelo En Mangas 100% Lino Made In Italy,32000
12468,BI6542CL,Blusa Cuello Bobo Amarra Delantera Vuelo En Mangas 100% Lino Made In Italy,32000
12468,BI6542ZM,Blusa Cuello Bobo Amarra Delantera Vuelo En Mangas 100% Lino Made In Italy,32000
12468,BI6542NG,Blusa Cuello Bobo Amarra Delantera Vuelo En Mangas 100% Lino Made In Italy,32000
100280,BI6543BL,Vestido Cuello Ancho Redondo Mangas 3/4 100% Lino Made In Italy,52000
100280,BI6543RS,Vestido Cuello Ancho Redondo Mangas 3/4 100% Lino Made In Italy,52000
100280,BI6543TJ,Vestido Cuello Ancho Redondo Mangas 3/4 100% Lino Made In Italy,52000
100280,BI6543BD,Vestido Cuello Ancho Redondo Mangas 3/4 100% Lino Made In Italy,52000
100280,BI6543BG,Vestido Cuello Ancho Redondo Mangas 3/4 100% Lino Made In Italy,52000
100280,BI6543FG,Vestido Cuello Ancho Redondo Mangas 3/4 100% Lino Made In Italy,52000
100280,BI6543MG,Vestido Cuello Ancho Redondo Mangas 3/4 100% Lino Made In Italy,52000
100280,BI6543CL,Vestido Cuello Ancho Redondo Mangas 3/4 100% Lino Made In Italy,52000
100280,BI6543ZM,Vestido Cuello Ancho Redondo Mangas 3/4 100% Lino Made In Italy,52000
100280,BI6543NG,Vestido Cuello Ancho Redondo Mangas 3/4 100% Lino Made In Italy,52000
10065,BI6544BL,Chaqueta Larga Solapa Manga Larga Dos Botones 100% Lino Made In Italy,54000
10065,BI6544RS,Chaqueta Larga Solapa Manga Larga Dos Botones 100% Lino Made In Italy,54000
10065,BI6544TJ,Chaqueta Larga Solapa Manga Larga Dos Botones 100% Lino Made In Italy,54000
10065,BI6544BD,Chaqueta Larga Solapa Manga Larga Dos Botones 100% Lino Made In Italy,54000
10065,BI6544BG,Chaqueta Larga Solapa Manga Larga Dos Botones 100% Lino Made In Italy,54000
10065,BI6544FG,Chaqueta Larga Solapa Manga Larga Dos Botones 100% Lino Made In Italy,54000
10065,BI6544MG,Chaqueta Larga Solapa Manga Larga Dos Botones 100% Lino Made In Italy,54000
10065,BI6544CL,Chaqueta Larga Solapa Manga Larga Dos Botones 100% Lino Made In Italy,54000
10065,BI6544ZM,Chaqueta Larga Solapa Manga Larga Dos Botones 100% Lino Made In Italy,54000
10065,BI6544NG,Chaqueta Larga Solapa Manga Larga Dos Botones 100% Lino Made In Italy,54000
10247,BI6545BL,Chaqueta Media Pierna Solapa Manga Larga Botones 100% Lino Made In Italy,45000
10247,BI6545RS,Chaqueta Media Pierna Solapa Manga Larga Botones 100% Lino Made In Italy,45000
10247,BI6545TJ,Chaqueta Media Pierna Solapa Manga Larga Botones 100% Lino Made In Italy,45000
10247,BI6545BD,Chaqueta Media Pierna Solapa Manga Larga Botones 100% Lino Made In Italy,45000
10247,BI6545BG,Chaqueta Media Pierna Solapa Manga Larga Botones 100% Lino Made In Italy,45000
10247,BI6545FG,Chaqueta Media Pierna Solapa Manga Larga Botones 100% Lino Made In Italy,45000
10247,BI6545MG,Chaqueta Media Pierna Solapa Manga Larga Botones 100% Lino Made In Italy,45000
10247,BI6545CL,Chaqueta Media Pierna Solapa Manga Larga Botones 100% Lino Made In Italy,45000
10247,BI6545ZM,Chaqueta Media Pierna Solapa Manga Larga Botones 100% Lino Made In Italy,45000
10247,BI6545NG,Chaqueta Media Pierna Solapa Manga Larga Botones 100% Lino Made In Italy,45000
848,BI6546BL,Blusa Camisera Manga 3/4 Botones 100% Lino Made In Italy,38000
848,BI6546RS,Blusa Camisera Manga 3/4 Botones 100% Lino Made In Italy,38000
848,BI6546TJ,Blusa Camisera Manga 3/4 Botones 100% Lino Made In Italy,38000
848,BI6546BD,Blusa Camisera Manga 3/4 Botones 100% Lino Made In Italy,38000
848,BI6546BG,Blusa Camisera Manga 3/4 Botones 100% Lino Made In Italy,38000
848,BI6546FG,Blusa Camisera Manga 3/4 Botones 100% Lino Made In Italy,38000
848,BI6546MG,Blusa Camisera Manga 3/4 Botones 100% Lino Made In Italy,38000
848,BI6546CL,Blusa Camisera Manga 3/4 Botones 100% Lino Made In Italy,38000
848,BI6546ZM,Blusa Camisera Manga 3/4 Botones 100% Lino Made In Italy,38000
848,BI6546NG,Blusa Camisera Manga 3/4 Botones 100% Lino Made In Italy,38000
12439,BI6547BL,Blusa Sin Mangas Amarras Atrás 100% Lino Made In Italy,32000
12439,BI6547RS,Blusa Sin Mangas Amarras Atrás 100% Lino Made In Italy,32000
12439,BI6547TJ,Blusa Sin Mangas Amarras Atrás 100% Lino Made In Italy,32000
12439,BI6547BD,Blusa Sin Mangas Amarras Atrás 100% Lino Made In Italy,32000
12439,BI6547BG,Blusa Sin Mangas Amarras Atrás 100% Lino Made In Italy,32000
12439,BI6547FG,Blusa Sin Mangas Amarras Atrás 100% Lino Made In Italy,32000
12439,BI6547MG,Blusa Sin Mangas Amarras Atrás 100% Lino Made In Italy,32000
12439,BI6547CL,Blusa Sin Mangas Amarras Atrás 100% Lino Made In Italy,32000
12439,BI6547ZM,Blusa Sin Mangas Amarras Atrás 100% Lino Made In Italy,32000
12439,BI6547NG,Blusa Sin Mangas Amarras Atrás 100% Lino Made In Italy,32000
12531,BI6548BL,Blusa Vuelo Sin Mangas Amarras Atrás 100% Lino Made In Italy,34000
12531,BI6548RS,Blusa Vuelo Sin Mangas Amarras Atrás 100% Lino Made In Italy,34000
12531,BI6548TJ,Blusa Vuelo Sin Mangas Amarras Atrás 100% Lino Made In Italy,34000
12531,BI6548BD,Blusa Vuelo Sin Mangas Amarras Atrás 100% Lino Made In Italy,34000
12531,BI6548BG,Blusa Vuelo Sin Mangas Amarras Atrás 100% Lino Made In Italy,34000
12531,BI6548FG,Blusa Vuelo Sin Mangas Amarras Atrás 100% Lino Made In Italy,34000
12531,BI6548MG,Blusa Vuelo Sin Mangas Amarras Atrás 100% Lino Made In Italy,34000
12531,BI6548CL,Blusa Vuelo Sin Mangas Amarras Atrás 100% Lino Made In Italy,34000
12531,BI6548ZM,Blusa Vuelo Sin Mangas Amarras Atrás 100% Lino Made In Italy,34000
12531,BI6548NG,Blusa Vuelo Sin Mangas Amarras Atrás 100% Lino Made In Italy,34000
8725,BI6549BL,Vestido Camisero Manga Larga 100% Lino Made In Italy,38000
8725,BI6549RS,Vestido Camisero Manga Larga 100% Lino Made In Italy,38000
8725,BI6549TJ,Vestido Camisero Manga Larga 100% Lino Made In Italy,38000
8725,BI6549BD,Vestido Camisero Manga Larga 100% Lino Made In Italy,38000
8725,BI6549BG,Vestido Camisero Manga Larga 100% Lino Made In Italy,38000
8725,BI6549FG,Vestido Camisero Manga Larga 100% Lino Made In Italy,38000
8725,BI6549MG,Vestido Camisero Manga Larga 100% Lino Made In Italy,38000
8725,BI6549CL,Vestido Camisero Manga Larga 100% Lino Made In Italy,38000
8725,BI6549ZM,Vestido Camisero Manga Larga 100% Lino Made In Italy,38000
8725,BI6549NG,Vestido Camisero Manga Larga 100% Lino Made In Italy,38000
706,BI6550BL,Falda Ancha Pretina Bolsillo Laterales100% Lino Made In Italy,42000
706,BI6550RS,Falda Ancha Pretina Bolsillo Laterales100% Lino Made In Italy,42000
706,BI6550TJ,Falda Ancha Pretina Bolsillo Laterales100% Lino Made In Italy,42000
706,BI6550BD,Falda Ancha Pretina Bolsillo Laterales100% Lino Made In Italy,42000
706,BI6550BG,Falda Ancha Pretina Bolsillo Laterales100% Lino Made In Italy,42000
706,BI6550FG,Falda Ancha Pretina Bolsillo Laterales100% Lino Made In Italy,42000
706,BI6550MG,Falda Ancha Pretina Bolsillo Laterales100% Lino Made In Italy,42000
706,BI6550CL,Falda Ancha Pretina Bolsillo Laterales100% Lino Made In Italy,42000
706,BI6550ZM,Falda Ancha Pretina Bolsillo Laterales100% Lino Made In Italy,42000
706,BI6550NG,Falda Ancha Pretina Bolsillo Laterales100% Lino Made In Italy,42000
12975,BI6551BL,Vestido Cuello Mao Vuelo Al Centro Manga Larga 100% Lino Made In Italy,45000
12975,BI6551RS,Vestido Cuello Mao Vuelo Al Centro Manga Larga 100% Lino Made In Italy,45000
12975,BI6551TJ,Vestido Cuello Mao Vuelo Al Centro Manga Larga 100% Lino Made In Italy,45000
12975,BI6551BD,Vestido Cuello Mao Vuelo Al Centro Manga Larga 100% Lino Made In Italy,45000
12975,BI6551BG,Vestido Cuello Mao Vuelo Al Centro Manga Larga 100% Lino Made In Italy,45000
12975,BI6551FG,Vestido Cuello Mao Vuelo Al Centro Manga Larga 100% Lino Made In Italy,45000
12975,BI6551MG,Vestido Cuello Mao Vuelo Al Centro Manga Larga 100% Lino Made In Italy,45000
12975,BI6551CL,Vestido Cuello Mao Vuelo Al Centro Manga Larga 100% Lino Made In Italy,45000
12975,BI6551ZM,Vestido Cuello Mao Vuelo Al Centro Manga Larga 100% Lino Made In Italy,45000
12975,BI6551NG,Vestido Cuello Mao Vuelo Al Centro Manga Larga 100% Lino Made In Italy,45000
2646,BI6552BL,Blusa Camisera Manga 3/4  100% Lino Made In Italy,35000
2646,BI6552RS,Blusa Camisera Manga 3/4  100% Lino Made In Italy,35000
2646,BI6552TJ,Blusa Camisera Manga 3/4  100% Lino Made In Italy,35000
2646,BI6552BD,Blusa Camisera Manga 3/4  100% Lino Made In Italy,35000
2646,BI6552BG,Blusa Camisera Manga 3/4  100% Lino Made In Italy,35000
2646,BI6552FG,Blusa Camisera Manga 3/4  100% Lino Made In Italy,35000
2646,BI6552MG,Blusa Camisera Manga 3/4  100% Lino Made In Italy,35000
2646,BI6552CL,Blusa Camisera Manga 3/4  100% Lino Made In Italy,35000
2646,BI6552ZM,Blusa Camisera Manga 3/4  100% Lino Made In Italy,35000
2646,BI6552NG,Blusa Camisera Manga 3/4  100% Lino Made In Italy,35000
12569,BI6553BL,Chaleco Sin Mangas Bolsillo Tapa Boton100%Lino Made In Italy,40000
12569,BI6553RS,Chaleco Sin Mangas Bolsillo Tapa Boton100%Lino Made In Italy,40000
12569,BI6553TJ,Chaleco Sin Mangas Bolsillo Tapa Boton100%Lino Made In Italy,40000
12569,BI6553BD,Chaleco Sin Mangas Bolsillo Tapa Boton100%Lino Made In Italy,40000
12569,BI6553BG,Chaleco Sin Mangas Bolsillo Tapa Boton100%Lino Made In Italy,40000
12569,BI6553FG,Chaleco Sin Mangas Bolsillo Tapa Boton100%Lino Made In Italy,40000
12569,BI6553MG,Chaleco Sin Mangas Bolsillo Tapa Boton100%Lino Made In Italy,40000
12569,BI6553CL,Chaleco Sin Mangas Bolsillo Tapa Boton100%Lino Made In Italy,40000
12569,BI6553ZM,Chaleco Sin Mangas Bolsillo Tapa Boton100%Lino Made In Italy,40000
12569,BI6553NG,Chaleco Sin Mangas Bolsillo Tapa Boton100%Lino Made In Italy,40000
12527,BI6554BL,Blusa Tablitas Lazo Delante Sin Mangas100%Lino Made In Italy,32000
12527,BI6554RS,Blusa Tablitas Lazo Delante Sin Mangas100%Lino Made In Italy,32000
12527,BI6554TJ,Blusa Tablitas Lazo Delante Sin Mangas100%Lino Made In Italy,32000
12527,BI6554BD,Blusa Tablitas Lazo Delante Sin Mangas100%Lino Made In Italy,32000
12527,BI6554BG,Blusa Tablitas Lazo Delante Sin Mangas100%Lino Made In Italy,32000
12527,BI6554FG,Blusa Tablitas Lazo Delante Sin Mangas100%Lino Made In Italy,32000
12527,BI6554MG,Blusa Tablitas Lazo Delante Sin Mangas100%Lino Made In Italy,32000
12527,BI6554CL,Blusa Tablitas Lazo Delante Sin Mangas100%Lino Made In Italy,32000
12527,BI6554ZM,Blusa Tablitas Lazo Delante Sin Mangas100%Lino Made In Italy,32000
12527,BI6554NG,Blusa Tablitas Lazo Delante Sin Mangas100%Lino Made In Italy,32000
10052,BI6555BL,Tirante Sin Mangas Abierto Atrás Lino100% Lino Made In Italy,32000
10052,BI6555RS,Tirante Sin Mangas Abierto Atrás Lino100% Lino Made In Italy,32000
10052,BI6555TJ,Tirante Sin Mangas Abierto Atrás Lino100% Lino Made In Italy,32000
10052,BI6555BD,Tirante Sin Mangas Abierto Atrás Lino100% Lino Made In Italy,32000
10052,BI6555BG,Tirante Sin Mangas Abierto Atrás Lino100% Lino Made In Italy,32000
10052,BI6555FG,Tirante Sin Mangas Abierto Atrás Lino100% Lino Made In Italy,32000
10052,BI6555MG,Tirante Sin Mangas Abierto Atrás Lino100% Lino Made In Italy,32000
10052,BI6555CL,Tirante Sin Mangas Abierto Atrás Lino100% Lino Made In Italy,32000
10052,BI6555ZM,Tirante Sin Mangas Abierto Atrás Lino100% Lino Made In Italy,32000
10052,BI6555NG,Tirante Sin Mangas Abierto Atrás Lino100% Lino Made In Italy,32000
10693,BI6556BL,Blusa Cuello Bobo Lazo Delantero Sin Mangas Lino Made In Italy,34000
10693,BI6556RS,Blusa Cuello Bobo Lazo Delantero Sin Mangas Lino Made In Italy,34000
10693,BI6556TJ,Blusa Cuello Bobo Lazo Delantero Sin Mangas Lino Made In Italy,34000
10693,BI6556BD,Blusa Cuello Bobo Lazo Delantero Sin Mangas Lino Made In Italy,34000
10693,BI6556BG,Blusa Cuello Bobo Lazo Delantero Sin Mangas Lino Made In Italy,34000
10693,BI6556FG,Blusa Cuello Bobo Lazo Delantero Sin Mangas Lino Made In Italy,34000
10693,BI6556MG,Blusa Cuello Bobo Lazo Delantero Sin Mangas Lino Made In Italy,34000
10693,BI6556CL,Blusa Cuello Bobo Lazo Delantero Sin Mangas Lino Made In Italy,34000
10693,BI6556ZM,Blusa Cuello Bobo Lazo Delantero Sin Mangas Lino Made In Italy,34000
10693,BI6556NG,Blusa Cuello Bobo Lazo Delantero Sin Mangas Lino Made In Italy,34000
10038,BI6557BL,Blusa Escote V Vuelo Mangas Cintura Lino Made In Italy,32000
10038,BI6557RS,Blusa Escote V Vuelo Mangas Cintura Lino Made In Italy,32000
10038,BI6557TJ,Blusa Escote V Vuelo Mangas Cintura Lino Made In Italy,32000
10038,BI6557BD,Blusa Escote V Vuelo Mangas Cintura Lino Made In Italy,32000
10038,BI6557BG,Blusa Escote V Vuelo Mangas Cintura Lino Made In Italy,32000
10038,BI6557FG,Blusa Escote V Vuelo Mangas Cintura Lino Made In Italy,32000
10038,BI6557MG,Blusa Escote V Vuelo Mangas Cintura Lino Made In Italy,32000
10038,BI6557CL,Blusa Escote V Vuelo Mangas Cintura Lino Made In Italy,32000
10038,BI6557ZM,Blusa Escote V Vuelo Mangas Cintura Lino Made In Italy,32000
10038,BI6557NG,Blusa Escote V Vuelo Mangas Cintura Lino Made In Italy,32000
10879,BI6558BL,Blusa Sin Mangas Amarras Delantera 100% Lino Made In Italy,32000
10879,BI6558RS,Blusa Sin Mangas Amarras Delantera 100% Lino Made In Italy,32000
10879,BI6558TJ,Blusa Sin Mangas Amarras Delantera 100% Lino Made In Italy,32000
10879,BI6558BD,Blusa Sin Mangas Amarras Delantera 100% Lino Made In Italy,32000
10879,BI6558BG,Blusa Sin Mangas Amarras Delantera 100% Lino Made In Italy,32000
10879,BI6558FG,Blusa Sin Mangas Amarras Delantera 100% Lino Made In Italy,32000
10879,BI6558MG,Blusa Sin Mangas Amarras Delantera 100% Lino Made In Italy,32000
10879,BI6558CL,Blusa Sin Mangas Amarras Delantera 100% Lino Made In Italy,32000
10879,BI6558ZM,Blusa Sin Mangas Amarras Delantera 100% Lino Made In Italy,32000
10879,BI6558NG,Blusa Sin Mangas Amarras Delantera 100% Lino Made In Italy,32000
16670,BI6559BL,Blusa Sin Mangas 100%Lino Made In Italy,30000
16670,BI6559RS,Blusa Sin Mangas 100%Lino Made In Italy,30000
16670,BI6559TJ,Blusa Sin Mangas 100%Lino Made In Italy,30000
16670,BI6559BD,Blusa Sin Mangas 100%Lino Made In Italy,30000
16670,BI6559BG,Blusa Sin Mangas 100%Lino Made In Italy,30000
16670,BI6559FG,Blusa Sin Mangas 100%Lino Made In Italy,30000
16670,BI6559MG,Blusa Sin Mangas 100%Lino Made In Italy,30000
16670,BI6559MR,Blusa Sin Mangas 100%Lino Made In Italy,30000
16670,BI6559ZM,Blusa Sin Mangas 100%Lino Made In Italy,30000
16670,BI6559NG,Blusa Sin Mangas 100%Lino Made In Italy,30000
12668,BI6560BL,Falda Lisa Sin Pretinalino 100% Lino Made In Italy,42000
12668,BI6560RS,Falda Lisa Sin Pretinalino 100% Lino Made In Italy,42000
12668,BI6560TJ,Falda Lisa Sin Pretinalino 100% Lino Made In Italy,42000
12668,BI6560BD,Falda Lisa Sin Pretinalino 100% Lino Made In Italy,42000
12668,BI6560BG,Falda Lisa Sin Pretinalino 100% Lino Made In Italy,42000
12668,BI6560FG,Falda Lisa Sin Pretinalino 100% Lino Made In Italy,42000
12668,BI6560MG,Falda Lisa Sin Pretinalino 100% Lino Made In Italy,42000
12668,BI6560CL,Falda Lisa Sin Pretinalino 100% Lino Made In Italy,42000
12668,BI6560ZM,Falda Lisa Sin Pretinalino 100% Lino Made In Italy,42000
12668,BI6560NG,Falda Lisa Sin Pretinalino 100% Lino Made In Italy,42000
125811,BI6561BL,Pantalon Cintura Elasticada 100% Lino Made In Italy,42000
125811,BI6561RS,Pantalon Cintura Elasticada 100% Lino Made In Italy,42000
125811,BI6561TJ,Pantalon Cintura Elasticada 100% Lino Made In Italy,42000
125811,BI6561BD,Pantalon Cintura Elasticada 100% Lino Made In Italy,42000
125811,BI6561BG,Pantalon Cintura Elasticada 100% Lino Made In Italy,42000
125811,BI6561FG,Pantalon Cintura Elasticada 100% Lino Made In Italy,42000
125811,BI6561MG,Pantalon Cintura Elasticada 100% Lino Made In Italy,42000
125811,BI6561CL,Pantalon Cintura Elasticada 100% Lino Made In Italy,42000
125811,BI6561ZM,Pantalon Cintura Elasticada 100% Lino Made In Italy,42000
125811,BI6561NG,Pantalon Cintura Elasticada 100% Lino Made In Italy,42000
10892,BI6562BL,Vestido Camisero Vuelo En Mangas Lino Made In Italy,45000
10892,BI6562RS,Vestido Camisero Vuelo En Mangas Lino Made In Italy,45000
10892,BI6562TJ,Vestido Camisero Vuelo En Mangas Lino Made In Italy,45000
10892,BI6562BD,Vestido Camisero Vuelo En Mangas Lino Made In Italy,45000
10892,BI6562BG,Vestido Camisero Vuelo En Mangas Lino Made In Italy,45000
10892,BI6562FG,Vestido Camisero Vuelo En Mangas Lino Made In Italy,45000
10892,BI6562MG,Vestido Camisero Vuelo En Mangas Lino Made In Italy,45000
10892,BI6562CL,Vestido Camisero Vuelo En Mangas Lino Made In Italy,45000
10892,BI6562ZM,Vestido Camisero Vuelo En Mangas Lino Made In Italy,45000
10892,BI6562NG,Vestido Camisero Vuelo En Mangas Lino Made In Italy,45000
16671,BI6563BL,Vestido Tirantes Escote V  100% Lino Made In Italy,40000
16671,BI6563TJ,Vestido Tirantes Escote V  100% Lino Made In Italy,40000
16671,BI6563BD,Vestido Tirantes Escote V  100% Lino Made In Italy,40000
16671,BI6563BG,Vestido Tirantes Escote V  100% Lino Made In Italy,40000
16671,BI6563CA,Vestido Tirantes Escote V  100% Lino Made In Italy,40000
16671,BI6563FG,Vestido Tirantes Escote V  100% Lino Made In Italy,40000
16671,BI6563MR,Vestido Tirantes Escote V  100% Lino Made In Italy,40000
16671,BI6563MG,Vestido Tirantes Escote V  100% Lino Made In Italy,40000
16671,BI6563CL,Vestido Tirantes Escote V  100% Lino Made In Italy,40000
16671,BI6563ZM,Vestido Tirantes Escote V  100% Lino Made In Italy,40000
16671,BI6563NG,Vestido Tirantes Escote V  100% Lino Made In Italy,40000
12832,BI6564BL,Falda Pretina Ancha Lino 100% Lino Made In Italy,44000
12832,BI6564RS,Falda Pretina Ancha Lino 100% Lino Made In Italy,44000
12832,BI6564TJ,Falda Pretina Ancha Lino 100% Lino Made In Italy,44000
12832,BI6564BD,Falda Pretina Ancha Lino 100% Lino Made In Italy,44000
12832,BI6564BG,Falda Pretina Ancha Lino 100% Lino Made In Italy,44000
12832,BI6564FG,Falda Pretina Ancha Lino 100% Lino Made In Italy,44000
12832,BI6564MG,Falda Pretina Ancha Lino 100% Lino Made In Italy,44000
12832,BI6564CL,Falda Pretina Ancha Lino 100% Lino Made In Italy,44000
12832,BI6564ZM,Falda Pretina Ancha Lino 100% Lino Made In Italy,44000
12832,BI6564NG,Falda Pretina Ancha Lino 100% Lino Made In Italy,44000
12551,BI6565BL,Blazer Sin Mangas Solapa Bolsillos Tapa 100%Lino Made In Italy,42000
12551,BI6565RS,Blazer Sin Mangas Solapa Bolsillos Tapa 100%Lino Made In Italy,42000
12551,BI6565TJ,Blazer Sin Mangas Solapa Bolsillos Tapa 100%Lino Made In Italy,42000
12551,BI6565BD,Blazer Sin Mangas Solapa Bolsillos Tapa 100%Lino Made In Italy,42000
12551,BI6565BG,Blazer Sin Mangas Solapa Bolsillos Tapa 100%Lino Made In Italy,42000
12551,BI6565FG,Blazer Sin Mangas Solapa Bolsillos Tapa 100%Lino Made In Italy,42000
12551,BI6565MG,Blazer Sin Mangas Solapa Bolsillos Tapa 100%Lino Made In Italy,42000
12551,BI6565CL,Blazer Sin Mangas Solapa Bolsillos Tapa 100%Lino Made In Italy,42000
12551,BI6565ZM,Blazer Sin Mangas Solapa Bolsillos Tapa 100%Lino Made In Italy,42000
12551,BI6565NG,Blazer Sin Mangas Solapa Bolsillos Tapa 100%Lino Made In Italy,42000
10816,BI6566BL,Blusa Sin Mangas Dos Amarras Delantera 100%Lino Made In Italy,32000
10816,BI6566RS,Blusa Sin Mangas Dos Amarras Delantera 100%Lino Made In Italy,32000
10816,BI6566TJ,Blusa Sin Mangas Dos Amarras Delantera 100%Lino Made In Italy,32000
10816,BI6566BD,Blusa Sin Mangas Dos Amarras Delantera 100%Lino Made In Italy,32000
10816,BI6566BG,Blusa Sin Mangas Dos Amarras Delantera 100%Lino Made In Italy,32000
10816,BI6566FG,Blusa Sin Mangas Dos Amarras Delantera 100%Lino Made In Italy,32000
10816,BI6566MG,Blusa Sin Mangas Dos Amarras Delantera 100%Lino Made In Italy,32000
10816,BI6566CL,Blusa Sin Mangas Dos Amarras Delantera 100%Lino Made In Italy,32000
10816,BI6566ZM,Blusa Sin Mangas Dos Amarras Delantera 100%Lino Made In Italy,32000
10816,BI6566NG,Blusa Sin Mangas Dos Amarras Delantera 100%Lino Made In Italy,32000
10035,BI6567BL,Vestido Largo Escote V Manga Corta Lino 100%Lino Made In Italy,50000
10035,BI6567RS,Vestido Largo Escote V Manga Corta Lino 100%Lino Made In Italy,50000
10035,BI6567TJ,Vestido Largo Escote V Manga Corta Lino 100%Lino Made In Italy,50000
10035,BI6567BD,Vestido Largo Escote V Manga Corta Lino 100%Lino Made In Italy,50000
10035,BI6567BG,Vestido Largo Escote V Manga Corta Lino 100%Lino Made In Italy,50000
10035,BI6567FG,Vestido Largo Escote V Manga Corta Lino 100%Lino Made In Italy,50000
10035,BI6567MG,Vestido Largo Escote V Manga Corta Lino 100%Lino Made In Italy,50000
10035,BI6567CL,Vestido Largo Escote V Manga Corta Lino 100%Lino Made In Italy,50000
10035,BI6567ZM,Vestido Largo Escote V Manga Corta Lino 100%Lino Made In Italy,50000
10035,BI6567NG,Vestido Largo Escote V Manga Corta Lino 100%Lino Made In Italy,50000
10040,BI6568BL,Short Bolsillo Laterales Pretina 100%Lino Made In Italy,32000
10040,BI6568RS,Short Bolsillo Laterales Pretina 100%Lino Made In Italy,32000
10040,BI6568TJ,Short Bolsillo Laterales Pretina 100%Lino Made In Italy,32000
10040,BI6568BD,Short Bolsillo Laterales Pretina 100%Lino Made In Italy,32000
10040,BI6568BG,Short Bolsillo Laterales Pretina 100%Lino Made In Italy,32000
10040,BI6568FG,Short Bolsillo Laterales Pretina 100%Lino Made In Italy,32000
10040,BI6568MG,Short Bolsillo Laterales Pretina 100%Lino Made In Italy,32000
10040,BI6568CL,Short Bolsillo Laterales Pretina 100%Lino Made In Italy,32000
10040,BI6568ZM,Short Bolsillo Laterales Pretina 100%Lino Made In Italy,32000
10040,BI6568NG,Short Bolsillo Laterales Pretina 100%Lino Made In Italy,32000
10749,BI6569BL,Blusa Camisera Bolsillo Parche 100%Lino Made In Italy,42000
10749,BI6569RS,Blusa Camisera Bolsillo Parche 100%Lino Made In Italy,42000
10749,BI6569TJ,Blusa Camisera Bolsillo Parche 100%Lino Made In Italy,42000
10749,BI6569BD,Blusa Camisera Bolsillo Parche 100%Lino Made In Italy,42000
10749,BI6569BG,Blusa Camisera Bolsillo Parche 100%Lino Made In Italy,42000
10749,BI6569FG,Blusa Camisera Bolsillo Parche 100%Lino Made In Italy,42000
10749,BI6569MG,Blusa Camisera Bolsillo Parche 100%Lino Made In Italy,42000
10749,BI6569CL,Blusa Camisera Bolsillo Parche 100%Lino Made In Italy,42000
10749,BI6569ZM,Blusa Camisera Bolsillo Parche 100%Lino Made In Italy,42000
10749,BI6569NG,Blusa Camisera Bolsillo Parche 100%Lino Made In Italy,42000
7801,BI6570BL,Polera Prelavada 50% Lino 50% Comton Made In Italy,30000
7801,BI6570RS,Polera Prelavada 50% Lino 50% Comton Made In Italy,30000
7801,BI6570TJ,Polera Prelavada 50% Lino 50% Comton Made In Italy,30000
7801,BI6570BD,Polera Prelavada 50% Lino 50% Comton Made In Italy,30000
7801,BI6570BG,Polera Prelavada 50% Lino 50% Comton Made In Italy,30000
7801,BI6570FG,Polera Prelavada 50% Lino 50% Comton Made In Italy,30000
7801,BI6570MG,Polera Prelavada 50% Lino 50% Comton Made In Italy,30000
7801,BI6570CL,Polera Prelavada 50% Lino 50% Comton Made In Italy,30000
7801,BI6570ZM,Polera Prelavada 50% Lino 50% Comton Made In Italy,30000
7801,BI6570NG,Polera Prelavada 50% Lino 50% Comton Made In Italy,30000
10131,BI6571BL,Blusa Camisera 100% Lino Made In Italy,38000
10131,BI6571RS,Blusa Camisera 100% Lino Made In Italy,38000
10131,BI6571TJ,Blusa Camisera 100% Lino Made In Italy,38000
10131,BI6571BD,Blusa Camisera 100% Lino Made In Italy,38000
10131,BI6571BG,Blusa Camisera 100% Lino Made In Italy,38000
10131,BI6571FG,Blusa Camisera 100% Lino Made In Italy,38000
10131,BI6571MG,Blusa Camisera 100% Lino Made In Italy,38000
10131,BI6571CL,Blusa Camisera 100% Lino Made In Italy,38000
10131,BI6571ZM,Blusa Camisera 100% Lino Made In Italy,38000
10131,BI6571NG,Blusa Camisera 100% Lino Made In Italy,38000
10098,BI6572BL,Blusa Sin Mangas Botones Delante 100% Lino Made In Italy,30000
10098,BI6572RS,Blusa Sin Mangas Botones Delante 100% Lino Made In Italy,30000
10098,BI6572TJ,Blusa Sin Mangas Botones Delante 100% Lino Made In Italy,30000
10098,BI6572BD,Blusa Sin Mangas Botones Delante 100% Lino Made In Italy,30000
10098,BI6572BG,Blusa Sin Mangas Botones Delante 100% Lino Made In Italy,30000
10098,BI6572FG,Blusa Sin Mangas Botones Delante 100% Lino Made In Italy,30000
10098,BI6572MG,Blusa Sin Mangas Botones Delante 100% Lino Made In Italy,30000
10098,BI6572CL,Blusa Sin Mangas Botones Delante 100% Lino Made In Italy,30000
10098,BI6572ZM,Blusa Sin Mangas Botones Delante 100% Lino Made In Italy,30000
10098,BI6572NG,Blusa Sin Mangas Botones Delante 100% Lino Made In Italy,30000
8057,BI6573BL,Blusa Con Vuelos Sin Manga 100%Lino Made In Italy,30000
8057,BI6573RS,Blusa Con Vuelos Sin Manga 100%Lino Made In Italy,30000
8057,BI6573TJ,Blusa Con Vuelos Sin Manga 100%Lino Made In Italy,30000
8057,BI6573BD,Blusa Con Vuelos Sin Manga 100%Lino Made In Italy,30000
8057,BI6573BG,Blusa Con Vuelos Sin Manga 100%Lino Made In Italy,30000
8057,BI6573FG,Blusa Con Vuelos Sin Manga 100%Lino Made In Italy,30000
8057,BI6573MG,Blusa Con Vuelos Sin Manga 100%Lino Made In Italy,30000
8057,BI6573CL,Blusa Con Vuelos Sin Manga 100%Lino Made In Italy,30000
8057,BI6573ZM,Blusa Con Vuelos Sin Manga 100%Lino Made In Italy,30000
8057,BI6573NG,Blusa Con Vuelos Sin Manga 100%Lino Made In Italy,30000
2648,BI6574BL,Vestido Camisero Largo 100% Lino Made In Italy,53000
2648,BI6574RS,Vestido Camisero Largo 100% Lino Made In Italy,53000
2648,BI6574TJ,Vestido Camisero Largo 100% Lino Made In Italy,53000
2648,BI6574BD,Vestido Camisero Largo 100% Lino Made In Italy,53000
2648,BI6574BG,Vestido Camisero Largo 100% Lino Made In Italy,53000
2648,BI6574FG,Vestido Camisero Largo 100% Lino Made In Italy,53000
2648,BI6574MG,Vestido Camisero Largo 100% Lino Made In Italy,53000
2648,BI6574CL,Vestido Camisero Largo 100% Lino Made In Italy,53000
2648,BI6574ZM,Vestido Camisero Largo 100% Lino Made In Italy,53000
2648,BI6574NG,Vestido Camisero Largo 100% Lino Made In Italy,53000
10350,BI6575BL,Blusa Escote V Botones Delantera 100% Lino Made In Italy,38000
10350,BI6575RS,Blusa Escote V Botones Delantera 100% Lino Made In Italy,38000
10350,BI6575TJ,Blusa Escote V Botones Delantera 100% Lino Made In Italy,38000
10350,BI6575BD,Blusa Escote V Botones Delantera 100% Lino Made In Italy,38000
10350,BI6575BG,Blusa Escote V Botones Delantera 100% Lino Made In Italy,38000
10350,BI6575FG,Blusa Escote V Botones Delantera 100% Lino Made In Italy,38000
10350,BI6575MG,Blusa Escote V Botones Delantera 100% Lino Made In Italy,38000
10350,BI6575CL,Blusa Escote V Botones Delantera 100% Lino Made In Italy,38000
10350,BI6575ZM,Blusa Escote V Botones Delantera 100% Lino Made In Italy,38000
10350,BI6575NG,Blusa Escote V Botones Delantera 100% Lino Made In Italy,38000
12393,BI6576BL,Blusa Cuello Bobo Botones Delantera Sin Mangas 100% Lino Made In Italy,30000
12393,BI6576RS,Blusa Cuello Bobo Botones Delantera Sin Mangas 100% Lino Made In Italy,30000
12393,BI6576TJ,Blusa Cuello Bobo Botones Delantera Sin Mangas 100% Lino Made In Italy,30000
12393,BI6576BD,Blusa Cuello Bobo Botones Delantera Sin Mangas 100% Lino Made In Italy,30000
12393,BI6576BG,Blusa Cuello Bobo Botones Delantera Sin Mangas 100% Lino Made In Italy,30000
12393,BI6576FG,Blusa Cuello Bobo Botones Delantera Sin Mangas 100% Lino Made In Italy,30000
12393,BI6576MG,Blusa Cuello Bobo Botones Delantera Sin Mangas 100% Lino Made In Italy,30000
12393,BI6576CL,Blusa Cuello Bobo Botones Delantera Sin Mangas 100% Lino Made In Italy,30000
12393,BI6576ZM,Blusa Cuello Bobo Botones Delantera Sin Mangas 100% Lino Made In Italy,30000
12393,BI6576NG,Blusa Cuello Bobo Botones Delantera Sin Mangas 100% Lino Made In Italy,30000
8451,BI6577,Vestido  Largo Escote V Manga Corta 100% Lino Made In Italy,50000
8451,BI6577BL,Vestido  Largo Escote V Manga Corta 100% Lino Made In Italy,50000
8451,BI6577RS,Vestido  Largo Escote V Manga Corta 100% Lino Made In Italy,50000
8451,BI6577TJ,Vestido  Largo Escote V Manga Corta 100% Lino Made In Italy,50000
8451,BI6577BD,Vestido  Largo Escote V Manga Corta 100% Lino Made In Italy,50000
8451,BI6577BG,Vestido  Largo Escote V Manga Corta 100% Lino Made In Italy,50000
8451,BI6577FG,Vestido  Largo Escote V Manga Corta 100% Lino Made In Italy,50000
8451,BI6577MG,Vestido  Largo Escote V Manga Corta 100% Lino Made In Italy,50000
8451,BI6577CL,Vestido  Largo Escote V Manga Corta 100% Lino Made In Italy,50000
8451,BI6577ZM,Vestido  Largo Escote V Manga Corta 100% Lino Made In Italy,50000
8451,BI6577NG,Vestido  Largo Escote V Manga Corta 100% Lino Made In Italy,50000
106603,BI6578BL,Blusa Elasticada Vuelo En Mangas Y Escote 100% Lino Made In Italy,32000
106603,BI6578RS,Blusa Elasticada Vuelo En Mangas Y Escote 100% Lino Made In Italy,32000
106603,BI6578TJ,Blusa Elasticada Vuelo En Mangas Y Escote 100% Lino Made In Italy,32000
106603,BI6578BD,Blusa Elasticada Vuelo En Mangas Y Escote 100% Lino Made In Italy,32000
106603,BI6578BG,Blusa Elasticada Vuelo En Mangas Y Escote 100% Lino Made In Italy,32000
106603,BI6578FG,Blusa Elasticada Vuelo En Mangas Y Escote 100% Lino Made In Italy,32000
106603,BI6578MG,Blusa Elasticada Vuelo En Mangas Y Escote 100% Lino Made In Italy,32000
106603,BI6578CL,Blusa Elasticada Vuelo En Mangas Y Escote 100% Lino Made In Italy,32000
106603,BI6578ZM,Blusa Elasticada Vuelo En Mangas Y Escote 100% Lino Made In Italy,32000
106603,BI6578NG,Blusa Elasticada Vuelo En Mangas Y Escote 100% Lino Made In Italy,32000
10049,BI6579BL,Blusa Tirantes Escote Cuadrado 100% Lino Made In Italy,28000
10049,BI6579RS,Blusa Tirantes Escote Cuadrado 100% Lino Made In Italy,28000
10049,BI6579TJ,Blusa Tirantes Escote Cuadrado 100% Lino Made In Italy,28000
10049,BI6579BD,Blusa Tirantes Escote Cuadrado 100% Lino Made In Italy,28000
10049,BI6579BG,Blusa Tirantes Escote Cuadrado 100% Lino Made In Italy,28000
10049,BI6579FG,Blusa Tirantes Escote Cuadrado 100% Lino Made In Italy,28000
10049,BI6579MG,Blusa Tirantes Escote Cuadrado 100% Lino Made In Italy,28000
10049,BI6579CL,Blusa Tirantes Escote Cuadrado 100% Lino Made In Italy,28000
10049,BI6579ZM,Blusa Tirantes Escote Cuadrado 100% Lino Made In Italy,28000
10049,BI6579NG,Blusa Tirantes Escote Cuadrado 100% Lino Made In Italy,28000
12746,BI6580BL,Minifalda Pisos Con Flecos Pretina 100% Lino Made In Italy,30000
12746,BI6580RS,Minifalda Pisos Con Flecos Pretina 100% Lino Made In Italy,30000
12746,BI6580TJ,Minifalda Pisos Con Flecos Pretina 100% Lino Made In Italy,30000
12746,BI6580BD,Minifalda Pisos Con Flecos Pretina 100% Lino Made In Italy,30000
12746,BI6580BG,Minifalda Pisos Con Flecos Pretina 100% Lino Made In Italy,30000
12746,BI6580FG,Minifalda Pisos Con Flecos Pretina 100% Lino Made In Italy,30000
12746,BI6580MG,Minifalda Pisos Con Flecos Pretina 100% Lino Made In Italy,30000
12746,BI6580CL,Minifalda Pisos Con Flecos Pretina 100% Lino Made In Italy,30000
12746,BI6580ZM,Minifalda Pisos Con Flecos Pretina 100% Lino Made In Italy,30000
12746,BI6580NG,Minifalda Pisos Con Flecos Pretina 100% Lino Made In Italy,30000
10615,BI6581BL,Blusa Eslasticada Manga Larga Vuelo 100% Coton Made In Italy,35000
10615,BI6581RS,Blusa Eslasticada Manga Larga Vuelo 100% Coton Made In Italy,35000
10615,BI6581TJ,Blusa Eslasticada Manga Larga Vuelo 100% Coton Made In Italy,35000
10615,BI6581BD,Blusa Eslasticada Manga Larga Vuelo 100% Coton Made In Italy,35000
10615,BI6581BG,Blusa Eslasticada Manga Larga Vuelo 100% Coton Made In Italy,35000
10615,BI6581FG,Blusa Eslasticada Manga Larga Vuelo 100% Coton Made In Italy,35000
10615,BI6581MG,Blusa Eslasticada Manga Larga Vuelo 100% Coton Made In Italy,35000
10615,BI6581CL,Blusa Eslasticada Manga Larga Vuelo 100% Coton Made In Italy,35000
10615,BI6581ZM,Blusa Eslasticada Manga Larga Vuelo 100% Coton Made In Italy,35000
10615,BI6581NG,Blusa Eslasticada Manga Larga Vuelo 100% Coton Made In Italy,35000
11172,BI6582BL,Blusa Vuelo En Manga Escote V Vuelo 100% Lino Made In Italy,30000
11172,BI6582RS,Blusa Vuelo En Manga Escote V Vuelo 100% Lino Made In Italy,30000
11172,BI6582TJ,Blusa Vuelo En Manga Escote V Vuelo 100% Lino Made In Italy,30000
11172,BI6582BD,Blusa Vuelo En Manga Escote V Vuelo 100% Lino Made In Italy,30000
11172,BI6582BG,Blusa Vuelo En Manga Escote V Vuelo 100% Lino Made In Italy,30000
11172,BI6582FG,Blusa Vuelo En Manga Escote V Vuelo 100% Lino Made In Italy,30000
11172,BI6582MG,Blusa Vuelo En Manga Escote V Vuelo 100% Lino Made In Italy,30000
11172,BI6582CL,Blusa Vuelo En Manga Escote V Vuelo 100% Lino Made In Italy,30000
11172,BI6582ZM,Blusa Vuelo En Manga Escote V Vuelo 100% Lino Made In Italy,30000
11172,BI6582NG,Blusa Vuelo En Manga Escote V Vuelo 100% Lino Made In Italy,30000
10331,BI6583BL,Blusa Camisera Bolsillo Parche Tapa 100% Lino Made In Italy,38000
10331,BI6583RS,Blusa Camisera Bolsillo Parche Tapa 100% Lino Made In Italy,38000
10331,BI6583TJ,Blusa Camisera Bolsillo Parche Tapa 100% Lino Made In Italy,38000
10331,BI6583BD,Blusa Camisera Bolsillo Parche Tapa 100% Lino Made In Italy,38000
10331,BI6583BG,Blusa Camisera Bolsillo Parche Tapa 100% Lino Made In Italy,38000
10331,BI6583FG,Blusa Camisera Bolsillo Parche Tapa 100% Lino Made In Italy,38000
10331,BI6583MG,Blusa Camisera Bolsillo Parche Tapa 100% Lino Made In Italy,38000
10331,BI6583CL,Blusa Camisera Bolsillo Parche Tapa 100% Lino Made In Italy,38000
10331,BI6583ZM,Blusa Camisera Bolsillo Parche Tapa 100% Lino Made In Italy,38000
10331,BI6583NG,Blusa Camisera Bolsillo Parche Tapa 100% Lino Made In Italy,38000
12519,BI6584BL,Polera Tirante Sinmangas Botones Delante 100% Lino Made In Italy,30000
12519,BI6584RS,Polera Tirante Sinmangas Botones Delante 100% Lino Made In Italy,30000
12519,BI6584TJ,Polera Tirante Sinmangas Botones Delante 100% Lino Made In Italy,30000
12519,BI6584BD,Polera Tirante Sinmangas Botones Delante 100% Lino Made In Italy,30000
12519,BI6584BG,Polera Tirante Sinmangas Botones Delante 100% Lino Made In Italy,30000
12519,BI6584FG,Polera Tirante Sinmangas Botones Delante 100% Lino Made In Italy,30000
12519,BI6584MG,Polera Tirante Sinmangas Botones Delante 100% Lino Made In Italy,30000
12519,BI6584CL,Polera Tirante Sinmangas Botones Delante 100% Lino Made In Italy,30000
12519,BI6584ZM,Polera Tirante Sinmangas Botones Delante 100% Lino Made In Italy,30000
12519,BI6584NG,Polera Tirante Sinmangas Botones Delante 100% Lino Made In Italy,30000
10039,BI6585BL,Short Vuelo En Piernas 100% Lino Made In Italy,28000
10039,BI6585RS,Short Vuelo En Piernas 100% Lino Made In Italy,28000
10039,BI6585TJ,Short Vuelo En Piernas 100% Lino Made In Italy,28000
10039,BI6585BD,Short Vuelo En Piernas 100% Lino Made In Italy,28000
10039,BI6585BG,Short Vuelo En Piernas 100% Lino Made In Italy,28000
10039,BI6585FG,Short Vuelo En Piernas 100% Lino Made In Italy,28000
10039,BI6585MG,Short Vuelo En Piernas 100% Lino Made In Italy,28000
10039,BI6585CL,Short Vuelo En Piernas 100% Lino Made In Italy,28000
10039,BI6585ZM,Short Vuelo En Piernas 100% Lino Made In Italy,28000
10039,BI6585NG,Short Vuelo En Piernas 100% Lino Made In Italy,28000
10835,BI6586BL,Blusa Amarra Delantera Manga 3/4 100% Lino Made In Italy,32000
10835,BI6586RS,Blusa Amarra Delantera Manga 3/4 100% Lino Made In Italy,32000
10835,BI6586TJ,Blusa Amarra Delantera Manga 3/4 100% Lino Made In Italy,32000
10835,BI6586BD,Blusa Amarra Delantera Manga 3/4 100% Lino Made In Italy,32000
10835,BI6586BG,Blusa Amarra Delantera Manga 3/4 100% Lino Made In Italy,32000
10835,BI6586FG,Blusa Amarra Delantera Manga 3/4 100% Lino Made In Italy,32000
10835,BI6586MG,Blusa Amarra Delantera Manga 3/4 100% Lino Made In Italy,32000
10835,BI6586CL,Blusa Amarra Delantera Manga 3/4 100% Lino Made In Italy,32000
10835,BI6586ZM,Blusa Amarra Delantera Manga 3/4 100% Lino Made In Italy,32000
10835,BI6586NG,Blusa Amarra Delantera Manga 3/4 100% Lino Made In Italy,32000
10072,BI6587BL,Pantalon Lazo Bolsillo Laterales100% Lino Made In Italy,42000
10072,BI6587RS,Pantalon Lazo Bolsillo Laterales100% Lino Made In Italy,42000
10072,BI6587TJ,Pantalon Lazo Bolsillo Laterales100% Lino Made In Italy,42000
10072,BI6587BD,Pantalon Lazo Bolsillo Laterales100% Lino Made In Italy,42000
10072,BI6587BG,Pantalon Lazo Bolsillo Laterales100% Lino Made In Italy,42000
10072,BI6587FG,Pantalon Lazo Bolsillo Laterales100% Lino Made In Italy,42000
10072,BI6587MG,Pantalon Lazo Bolsillo Laterales100% Lino Made In Italy,42000
10072,BI6587CL,Pantalon Lazo Bolsillo Laterales100% Lino Made In Italy,42000
10072,BI6587ZM,Pantalon Lazo Bolsillo Laterales100% Lino Made In Italy,42000
10072,BI6587NG,Pantalon Lazo Bolsillo Laterales100% Lino Made In Italy,42000
12259,BI6588BL,Blusa Sin Mangas Vuelo En Cuello Delantera 100% Lino Made In Italy,30000
12259,BI6588RS,Blusa Sin Mangas Vuelo En Cuello Delantera 100% Lino Made In Italy,30000
12259,BI6588TJ,Blusa Sin Mangas Vuelo En Cuello Delantera 100% Lino Made In Italy,30000
12259,BI6588BD,Blusa Sin Mangas Vuelo En Cuello Delantera 100% Lino Made In Italy,30000
12259,BI6588BG,Blusa Sin Mangas Vuelo En Cuello Delantera 100% Lino Made In Italy,30000
12259,BI6588FG,Blusa Sin Mangas Vuelo En Cuello Delantera 100% Lino Made In Italy,30000
12259,BI6588MG,Blusa Sin Mangas Vuelo En Cuello Delantera 100% Lino Made In Italy,30000
12259,BI6588CL,Blusa Sin Mangas Vuelo En Cuello Delantera 100% Lino Made In Italy,30000
12259,BI6588ZM,Blusa Sin Mangas Vuelo En Cuello Delantera 100% Lino Made In Italy,30000
12259,BI6588NG,Blusa Sin Mangas Vuelo En Cuello Delantera 100% Lino Made In Italy,30000
9431,BI6589BL,Pantalon Lazo De Amarra Bolsillos Diagonales Laterales 100% Lino Made In Italy,44000
9431,BI6589RS,Pantalon Lazo De Amarra Bolsillos Diagonales Laterales 100% Lino Made In Italy,44000
9431,BI6589TJ,Pantalon Lazo De Amarra Bolsillos Diagonales Laterales 100% Lino Made In Italy,44000
9431,BI6589BD,Pantalon Lazo De Amarra Bolsillos Diagonales Laterales 100% Lino Made In Italy,44000
9431,BI6589BG,Pantalon Lazo De Amarra Bolsillos Diagonales Laterales 100% Lino Made In Italy,44000
9431,BI6589FG,Pantalon Lazo De Amarra Bolsillos Diagonales Laterales 100% Lino Made In Italy,44000
9431,BI6589MG,Pantalon Lazo De Amarra Bolsillos Diagonales Laterales 100% Lino Made In Italy,44000
9431,BI6589CL,Pantalon Lazo De Amarra Bolsillos Diagonales Laterales 100% Lino Made In Italy,44000
9431,BI6589ZM,Pantalon Lazo De Amarra Bolsillos Diagonales Laterales 100% Lino Made In Italy,44000
9431,BI6589NG,Pantalon Lazo De Amarra Bolsillos Diagonales Laterales 100% Lino Made In Italy,44000
11267,BI6590BL,Pantalon Bolsillos Parche 100% Lino Made In Italy,42000
11267,BI6590RS,Pantalon Bolsillos Parche 100% Lino Made In Italy,42000
11267,BI6590TJ,Pantalon Bolsillos Parche 100% Lino Made In Italy,42000
11267,BI6590BD,Pantalon Bolsillos Parche 100% Lino Made In Italy,42000
11267,BI6590BG,Pantalon Bolsillos Parche 100% Lino Made In Italy,42000
11267,BI6590FG,Pantalon Bolsillos Parche 100% Lino Made In Italy,42000
11267,BI6590MG,Pantalon Bolsillos Parche 100% Lino Made In Italy,42000
11267,BI6590CL,Pantalon Bolsillos Parche 100% Lino Made In Italy,42000
11267,BI6590ZM,Pantalon Bolsillos Parche 100% Lino Made In Italy,42000
11267,BI6590NG,Pantalon Bolsillos Parche 100% Lino Made In Italy,42000
10890,BI6591BL,Blusa Manga Corta Botones Delante 100% Lino Made In Italy,38000
10890,BI6591RS,Blusa Manga Corta Botones Delante 100% Lino Made In Italy,38000
10890,BI6591TJ,Blusa Manga Corta Botones Delante 100% Lino Made In Italy,38000
10890,BI6591BD,Blusa Manga Corta Botones Delante 100% Lino Made In Italy,38000
10890,BI6591BG,Blusa Manga Corta Botones Delante 100% Lino Made In Italy,38000
10890,BI6591FG,Blusa Manga Corta Botones Delante 100% Lino Made In Italy,38000
10890,BI6591MG,Blusa Manga Corta Botones Delante 100% Lino Made In Italy,38000
10890,BI6591CL,Blusa Manga Corta Botones Delante 100% Lino Made In Italy,38000
10890,BI6591ZM,Blusa Manga Corta Botones Delante 100% Lino Made In Italy,38000
10890,BI6591NG,Blusa Manga Corta Botones Delante 100% Lino Made In Italy,38000
12701,BI6592BL,Blusa Sin Mangas Botones Delante 100% Lino Made In Italy,30000
12701,BI6592RS,Blusa Sin Mangas Botones Delante 100% Lino Made In Italy,30000
12701,BI6592TJ,Blusa Sin Mangas Botones Delante 100% Lino Made In Italy,30000
12701,BI6592BD,Blusa Sin Mangas Botones Delante 100% Lino Made In Italy,30000
12701,BI6592BG,Blusa Sin Mangas Botones Delante 100% Lino Made In Italy,30000
12701,BI6592FG,Blusa Sin Mangas Botones Delante 100% Lino Made In Italy,30000
12701,BI6592MG,Blusa Sin Mangas Botones Delante 100% Lino Made In Italy,30000
12701,BI6592CL,Blusa Sin Mangas Botones Delante 100% Lino Made In Italy,30000
12701,BI6592ZM,Blusa Sin Mangas Botones Delante 100% Lino Made In Italy,30000
12701,BI6592NG,Blusa Sin Mangas Botones Delante 100% Lino Made In Italy,30000
10002,BI6593BL,Blusa Sin Mangas Bolsillos Delante 100% Lino Made In Italy,30000
10002,BI6593RS,Blusa Sin Mangas Bolsillos Delante 100% Lino Made In Italy,30000
10002,BI6593TJ,Blusa Sin Mangas Bolsillos Delante 100% Lino Made In Italy,30000
10002,BI6593BD,Blusa Sin Mangas Bolsillos Delante 100% Lino Made In Italy,30000
10002,BI6593BG,Blusa Sin Mangas Bolsillos Delante 100% Lino Made In Italy,30000
10002,BI6593FG,Blusa Sin Mangas Bolsillos Delante 100% Lino Made In Italy,30000
10002,BI6593MG,Blusa Sin Mangas Bolsillos Delante 100% Lino Made In Italy,30000
10002,BI6593CL,Blusa Sin Mangas Bolsillos Delante 100% Lino Made In Italy,30000
10002,BI6593ZM,Blusa Sin Mangas Bolsillos Delante 100% Lino Made In Italy,30000
10002,BI6593NG,Blusa Sin Mangas Bolsillos Delante 100% Lino Made In Italy,30000
1363,BI6594BL,Pantalon 55% Lino 45% Cotone Made In Italy,40000
1363,BI6594RS,Pantalon 55% Lino 45% Cotone Made In Italy,40000
1363,BI6594TJ,Pantalon 55% Lino 45% Cotone Made In Italy,40000
1363,BI6594CA,Pantalon 55% Lino 45% Cotone Made In Italy,40000
1363,BI6594BG,Pantalon 55% Lino 45% Cotone Made In Italy,40000
1363,BI6594FG,Pantalon 55% Lino 45% Cotone Made In Italy,40000
1363,BI6594MG,Pantalon 55% Lino 45% Cotone Made In Italy,40000
1363,BI6594CL,Pantalon 55% Lino 45% Cotone Made In Italy,40000
1363,BI6594ZM,Pantalon 55% Lino 45% Cotone Made In Italy,40000
1363,BI6594NG,Pantalon 55% Lino 45% Cotone Made In Italy,40000
1374,BI6595BL,Chaleco 55% Lino 45% Cotone Made In Italy,32000
1374,BI6595RS,Chaleco 55% Lino 45% Cotone Made In Italy,32000
1374,BI6595TJ,Chaleco 55% Lino 45% Cotone Made In Italy,32000
1374,BI6595CA,Chaleco 55% Lino 45% Cotone Made In Italy,32000
1374,BI6595BG,Chaleco 55% Lino 45% Cotone Made In Italy,32000
1374,BI6595FG,Chaleco 55% Lino 45% Cotone Made In Italy,32000
1374,BI6595MG,Chaleco 55% Lino 45% Cotone Made In Italy,32000
1374,BI6595CL,Chaleco 55% Lino 45% Cotone Made In Italy,32000
1374,BI6595ZM,Chaleco 55% Lino 45% Cotone Made In Italy,32000
1374,BI6595NG,Chaleco 55% Lino 45% Cotone Made In Italy,32000
10075,BI6596BL,Pantalon Pata Ancha 100% Lino Made In Italy,44000
10075,BI6596RS,Pantalon Pata Ancha 100% Lino Made In Italy,44000
10075,BI6596TJ,Pantalon Pata Ancha 100% Lino Made In Italy,44000
10075,BI6596BD,Pantalon Pata Ancha 100% Lino Made In Italy,44000
10075,BI6596BG,Pantalon Pata Ancha 100% Lino Made In Italy,44000
10075,BI6596FG,Pantalon Pata Ancha 100% Lino Made In Italy,44000
10075,BI6596MG,Pantalon Pata Ancha 100% Lino Made In Italy,44000
10075,BI6596CL,Pantalon Pata Ancha 100% Lino Made In Italy,44000
10075,BI6596ZM,Pantalon Pata Ancha 100% Lino Made In Italy,44000
10075,BI6596NG,Pantalon Pata Ancha 100% Lino Made In Italy,44000